"File identification","State Postal Abbreviation","Summary Level","Geographic Component","Logical Record Number","US","Census Region","Census Division","State (Census Code)","State (FIPS Code)","County of current residence","County Subdivision (FIPS)","Place (FIPS Code)","Census Tract","Block Group","Consolidated City","American Indian Area/Alaska Native Area/ Hawaiian Home Land (Census)","American Indian Area/Alaska Native Area/ Hawaiian Home Land (FIPS)","American Indian Trust Land/Hawaiian Home Land Indicator","American Indian Tribal Subdivision (Census)","American Indian Tribal Subdivision (FIPS)","Alaska Native Regional Corporation (FIPS)","Metropolitan and Micropolitan Statistical Area","Combined Statistical Area","Metropolitan Statistical Area- Metropolitan Division","Metropolitan Area Central City","Metropolitan/Micropolitan Indicator Flag","New England City and Town Area","New England City and Town Combined Statistical Area","New England City and Town Area Division","Urban Area","Current Congressional District ***","State Legislative District Upper","State Legislative District Lower","5-digit ZIP Code Tabulation Area","Subminor Civil Division (FIPS)","State-School District (Elementary)","State-School District (Secondary)","State-School District (Unified)","Urban/Rural","Principal City Indicator","Public Use Microdata Area – 5% File","Geographic Identifier","Area Name","Tribal Tract","Tribal Block Group","Qualifying Name","FIPS","Area (Land)","Area (Water)","Place (State FIPS + Place FIPS)","Urban Area Central Place","Voting District","ZIP Code Tabulation Area (3-digit)","Traffic Analysis Zone","Urban Growth Area","Public Use Microdata Area - 1% File","Gini Index","Civilian Population in Labor Force 16 Years and Over:","Civilian Population in Labor Force 16 Years and Over: Employed","Civilian Population in Labor Force 16 Years and Over: Unemployed","Median Household Income (In 2020 Inflation Adjusted Dollars)","Average Commute to Work (In Min)","Median Value","Median Gross Rent as a Percentage of Household  Income in the Past 12 Months (Dollars)","Median Gross Rent","Total Population"
Geo_FILEID,Geo_STUSAB,Geo_SUMLEV,Geo_GEOCOMP,Geo_LOGRECNO,Geo_US,Geo_REGION,Geo_DIVISION,Geo_STATECE,Geo_STATE,Geo_COUNTY,Geo_COUSUB,Geo_PLACE,Geo_TRACT,Geo_BLKGRP,Geo_CONCIT,Geo_AIANHH,Geo_AIANHHFP,Geo_AIHHTLI,Geo_AITSCE,Geo_AITS,Geo_ANRC,Geo_CBSA,Geo_CSA,Geo_METDIV,Geo_MACC,Geo_MEMI,Geo_NECTA,Geo_CNECTA,Geo_NECTADIV,Geo_UA,Geo_CDCURR,Geo_SLDU,Geo_SLDL,Geo_ZCTA5,Geo_SUBMCD,Geo_SDELM,Geo_SDSEC,Geo_SDUNI,Geo_UR,Geo_PCI,Geo_PUMA5,Geo_GEOID,Geo_NAME,Geo_BTTR,Geo_BTBG,Geo_QName,Geo_FIPS,Geo_AREALAND,Geo_AREAWATR,Geo_PLACESE,Geo_UACP,Geo_VTD,Geo_ZCTA3,Geo_TAZ,Geo_UGA,Geo_PUMA1,SE_A14028_001,SE_A17005_001,SE_A17005_002,SE_A17005_003,SE_A14006_001,SE_A09003_001,SE_A10036_001,SE_A18003_001,SE_A18009_001,SE_A00001_001
"ACSSF","al","040","00","0000001",,,,,"01",,,,,,,,,,,,,,,,,,,,,,,,,,,,,,,,,"04000US01","Alabama",,,"Alabama","01","131175460655","4591915034",,,,,,,,0.4777,2245329,2119986,125343,52035,25,149600,28.799999237060547,811,4893186
"ACSSF","ak","040","00","0000001",,,,,"02",,,,,,,,,,,,,,,,,,,,,,,,,,,,,,,,,"04000US02","Alaska",,,"Alaska","02","1478941109938","245380162784",,,,,,,,0.423,367921,341492,26429,77790,19,275600,27.5,1240,736990
"ACSSF","az","040","00","0000001",,,,,"04",,,,,,,,,,,,,,,,,,,,,,,,,,,,,,,,,"04000US04","Arizona",,,"Arizona","04","294360991275","858853288",,,,,,,,0.4661,3415201,3215843,199358,61529,26,242000,29,1097,7174064
"ACSSF","ar","040","00","0000001",,,,,"05",,,,,,,,,,,,,,,,,,,,,,,,,,,,,,,,,"04000US05","Arkansas",,,"Arkansas","05","134660850501","3121867339",,,,,,,,0.4792,1381452,1309748,71704,49475,22,133600,27.200000762939453,760,3011873
"ACSSF","ca","040","00","0000001",,,,,"06",,,,,,,,,,,,,,,,,,,,,,,,,,,,,,,,,"04000US06","California",,,"California","06","403671196038","20294133830",,,,,,,,0.4874,19875973,18646894,1229079,78672,30,538500,32.20000076293945,1586,39346023
"ACSSF","co","040","00","0000001",,,,,"08",,,,,,,,,,,,,,,,,,,,,,,,,,,,,,,,,"04000US08","Colorado",,,"Colorado","08","268418746964","1185766400",,,,,,,,0.4565,3079769,2937047,142722,75231,26,369900,30.600000381469727,1335,5684926
"ACSSF","ct","040","00","0000001",,,,,"09",,,,,,,,,,,,,,,,,,,,,,,,,,,,,,,,,"04000US09","Connecticut",,,"Connecticut","09","12541688516","1816426151",,,,,,,,0.4965,1923759,1807525,116234,79855,27,279700,30.799999237060547,1201,3570549
"ACSSF","de","040","00","0000001",,,,,"10",,,,,,,,,,,,,,,,,,,,,,,,,,,,,,,,,"04000US10","Delaware",,,"Delaware","10","5046731558","1399179670",,,,,,,,0.4568,485206,456872,28334,69110,26,258300,29.700000762939453,1150,967679
"ACSSF","dc","040","00","0000001",,,,,"11",,,,,,,,,,,,,,,,,,,,,,,,,,,,,,,,,"04000US11","District of Columbia",,,"District of Columbia","11","158316124","18709762",,,,,,,,0.5212,411398,382108,29290,90842,31,618100,28.200000762939453,1607,701974
"ACSSF","fl","040","00","0000001",,,,,"12",,,,,,,,,,,,,,,,,,,,,,,,,,,,,,,,,"04000US12","Florida",,,"Florida","12","138958484319","45975808217",,,,,,,,0.4856,10240825,9684712,556113,57703,28,232000,33.29999923706055,1218,21216924
"ACSSF","ga","040","00","0000001",,,,,"13",,,,,,,,,,,,,,,,,,,,,,,,,,,,,,,,,"04000US13","Georgia",,,"Georgia","13","149486234922","4418749570",,,,,,,,0.4814,5201775,4910269,291506,61224,29,190200,29.600000381469727,1042,10516579
"ACSSF","hi","040","00","0000001",,,,,"15",,,,,,,,,,,,,,,,,,,,,,,,,,,,,,,,,"04000US15","Hawaii",,,"Hawaii","15","16634147166","11777652106",,,,,,,,0.4414,706640,674453,32187,83173,27,636400,32.5,1651,1420074
"ACSSF","id","040","00","0000001",,,,,"16",,,,,,,,,,,,,,,,,,,,,,,,,,,,,,,,,"04000US16","Idaho",,,"Idaho","16","214049923496","2391577745",,,,,,,,0.4422,854040,818085,35955,58915,21,235600,27.899999618530273,887,1754367
"ACSSF","il","040","00","0000001",,,,,"17",,,,,,,,,,,,,,,,,,,,,,,,,,,,,,,,,"04000US17","Illinois",,,"Illinois","17","143778461053","6216594318",,,,,,,,0.4801,6631897,6236755,395142,68428,29,202100,28.700000762939453,1038,12716164
"ACSSF","in","040","00","0000001",,,,,"18",,,,,,,,,,,,,,,,,,,,,,,,,,,,,,,,,"04000US18","Indiana",,,"Indiana","18","92788998225","1541613641",,,,,,,,0.4502,3379544,3219679,159865,58235,24,148900,28.299999237060547,844,6696893
"ACSSF","ia","040","00","0000001",,,,,"19",,,,,,,,,,,,,,,,,,,,,,,,,,,,,,,,,"04000US19","Iowa",,,"Iowa","19","144659688848","1085996889",,,,,,,,0.4405,1677262,1611524,65738,61836,19,153900,26.700000762939453,806,3150011
"ACSSF","ks","040","00","0000001",,,,,"20",,,,,,,,,,,,,,,,,,,,,,,,,,,,,,,,,"04000US20","Kansas",,,"Kansas","20","211753777874","1345707497",,,,,,,,0.4561,1505433,1444074,61359,61091,20,157600,27,863,2912619
"ACSSF","ky","040","00","0000001",,,,,"21",,,,,,,,,,,,,,,,,,,,,,,,,,,,,,,,,"04000US21","Kentucky",,,"Kentucky","21","102282796080","2368025703",,,,,,,,0.4776,2107184,1993889,113295,52238,24,147100,27.100000381469727,783,4461952
"ACSSF","la","040","00","0000001",,,,,"22",,,,,,,,,,,,,,,,,,,,,,,,,,,,,,,,,"04000US22","Louisiana",,,"Louisiana","22","111913975425","23737664982",,,,,,,,0.4991,2166003,2023915,142088,50800,26,168100,32.29999923706055,876,4664616
"ACSSF","me","040","00","0000001",,,,,"23",,,,,,,,,,,,,,,,,,,,,,,,,,,,,,,,,"04000US23","Maine",,,"Maine","23","79888428972","11744937116",,,,,,,,0.4493,704226,675784,28442,59489,24,198000,28.600000381469727,873,1340825
"ACSSF","md","040","00","0000001",,,,,"24",,,,,,,,,,,,,,,,,,,,,,,,,,,,,,,,,"04000US24","Maryland",,,"Maryland","24","25151895765","6979171386",,,,,,,,0.4526,3243851,3076280,167571,87063,33,325400,29.700000762939453,1415,6037624
"ACSSF","ma","040","00","0000001",,,,,"25",,,,,,,,,,,,,,,,,,,,,,,,,,,,,,,,,"04000US25","Massachusetts",,,"Massachusetts","25","20204396898","7130653806",,,,,,,,0.4826,3809494,3615725,193769,84385,30,398800,29.600000381469727,1336,6873003
"ACSSF","mi","040","00","0000001",,,,,"26",,,,,,,,,,,,,,,,,,,,,,,,,,,,,,,,,"04000US26","Michigan",,,"Michigan","26","146614604273","103872203398",,,,,,,,0.4655,4956499,4658357,298142,59234,25,162600,29.299999237060547,892,9973907
"ACSSF","mn","040","00","0000001",,,,,"27",,,,,,,,,,,,,,,,,,,,,,,,,,,,,,,,,"04000US27","Minnesota",,,"Minnesota","27","206232157570","18949864226",,,,,,,,0.4491,3074732,2957615,117117,73382,24,235700,28.200000762939453,1010,5600166
"ACSSF","ms","040","00","0000001",,,,,"28",,,,,,,,,,,,,,,,,,,,,,,,,,,,,,,,,"04000US28","Mississippi",,,"Mississippi","28","121532487805","3915791676",,,,,,,,0.4838,1338474,1243095,95379,46511,25,125500,29.600000381469727,789,2981835
"ACSSF","mo","040","00","0000001",,,,,"29",,,,,,,,,,,,,,,,,,,,,,,,,,,,,,,,,"04000US29","Missouri",,,"Missouri","29","178052563675","2487215790",,,,,,,,0.4634,3071591,2932918,138673,57290,24,163600,27.600000381469727,843,6124160
"ACSSF","mt","040","00","0000001",,,,,"30",,,,,,,,,,,,,,,,,,,,,,,,,,,,,,,,,"04000US30","Montana",,,"Montana","30","376973673895","3866689601",,,,,,,,0.4611,542584,520043,22541,56539,18,244900,27.700000762939453,836,1061705
"ACSSF","ne","040","00","0000001",,,,,"31",,,,,,,,,,,,,,,,,,,,,,,,,,,,,,,,,"04000US31","Nebraska",,,"Nebraska","31","198957373531","1371117957",,,,,,,,0.4432,1034886,999772,35114,63015,19,164000,26.299999237060547,857,1923826
"ACSSF","nv","040","00","0000001",,,,,"32",,,,,,,,,,,,,,,,,,,,,,,,,,,,,,,,,"04000US32","Nevada",,,"Nevada","32","284537264244","1839662252",,,,,,,,0.4638,1525262,1425040,100222,62043,25,290200,30,1159,3030281
"ACSSF","nh","040","00","0000001",,,,,"33",,,,,,,,,,,,,,,,,,,,,,,,,,,,,,,,,"04000US33","New Hampshire",,,"New Hampshire","33","23190113978","1025973001",,,,,,,,0.4404,758702,730223,28479,77923,27,272300,28.600000381469727,1145,1355244
"ACSSF","nj","040","00","0000001",,,,,"34",,,,,,,,,,,,,,,,,,,,,,,,,,,,,,,,,"04000US34","New Jersey",,,"New Jersey","34","19048737655","3533261945",,,,,,,,0.4788,4698414,4426619,271795,85245,32,343500,30.299999237060547,1368,8885418
"ACSSF","nm","040","00","0000001",,,,,"35",,,,,,,,,,,,,,,,,,,,,,,,,,,,,,,,,"04000US35","New Mexico",,,"New Mexico","35","314198560935","726482115",,,,,,,,0.4742,951773,889193,62580,51243,23,175700,29.299999237060547,857,2097021
"ACSSF","ny","040","00","0000001",,,,,"36",,,,,,,,,,,,,,,,,,,,,,,,,,,,,,,,,"04000US36","New York",,,"New York","36","122049520861","19256750161",,,,,,,,0.5127,10009209,9438639,570570,71117,33,325000,30.799999237060547,1315,19514849
"ACSSF","nc","040","00","0000001",,,,,"37",,,,,,,,,,,,,,,,,,,,,,,,,,,,,,,,,"04000US37","North Carolina",,,"North Carolina","37","125933025759","13456395178",,,,,,,,0.4759,5112231,4833887,278344,56642,25,182100,28.600000381469727,932,10386227
"ACSSF","nd","040","00","0000001",,,,,"38",,,,,,,,,,,,,,,,,,,,,,,,,,,,,,,,,"04000US38","North Dakota",,,"North Dakota","38","178698456949","4410633765",,,,,,,,0.4508,414440,401579,12861,65315,18,199900,24.399999618530273,828,760394
"ACSSF","oh","040","00","0000001",,,,,"39",,,,,,,,,,,,,,,,,,,,,,,,,,,,,,,,,"04000US39","Ohio",,,"Ohio","39","105823700104","10274656132",,,,,,,,0.4646,5917459,5603630,313829,58116,24,151400,27.5,825,11675275
"ACSSF","ok","040","00","0000001",,,,,"40",,,,,,,,,,,,,,,,,,,,,,,,,,,,,,,,,"04000US40","Oklahoma",,,"Oklahoma","40","177664190465","3373689316",,,,,,,,0.4673,1874598,1779157,95441,53840,22,142400,27.200000762939453,818,3949342
"ACSSF","or","040","00","0000001",,,,,"41",,,,,,,,,,,,,,,,,,,,,,,,,,,,,,,,,"04000US41","Oregon",,,"Oregon","41","248628426864","6170953359",,,,,,,,0.4579,2130784,2014487,116297,65667,24,336700,30.299999237060547,1173,4176346
"ACSSF","pa","040","00","0000001",,,,,"42",,,,,,,,,,,,,,,,,,,,,,,,,,,,,,,,,"04000US42","Pennsylvania",,,"Pennsylvania","42","115881934065","3397760687",,,,,,,,0.4702,6558087,6206839,351248,63627,27,187500,28.600000381469727,958,12794885
"ACSSF","ri","040","00","0000001",,,,,"44",,,,,,,,,,,,,,,,,,,,,,,,,,,,,,,,,"04000US44","Rhode Island",,,"Rhode Island","44","2677759219","1323691129",,,,,,,,0.4661,566403,535140,31263,70305,25,276600,29,1031,1057798
"ACSSF","sc","040","00","0000001",,,,,"45",,,,,,,,,,,,,,,,,,,,,,,,,,,,,,,,,"04000US45","South Carolina",,,"South Carolina","45","77866132568","5074311415",,,,,,,,0.477,2448315,2312831,135484,54864,25,170100,29.700000762939453,918,5091517
"ACSSF","sd","040","00","0000001",,,,,"46",,,,,,,,,,,,,,,,,,,,,,,,,,,,,,,,,"04000US46","South Dakota",,,"South Dakota","46","196345992286","3383664203",,,,,,,,0.4413,463888,447607,16281,59896,17,174600,25.200000762939453,761,879336
"ACSSF","tn","040","00","0000001",,,,,"47",,,,,,,,,,,,,,,,,,,,,,,,,,,,,,,,,"04000US47","Tennessee",,,"Tennessee","47","106791646253","2322913374",,,,,,,,0.4775,3324691,3147330,177361,54833,25,177600,28.799999237060547,897,6772268
"ACSSF","tx","040","00","0000001",,,,,"48",,,,,,,,,,,,,,,,,,,,,,,,,,,,,,,,,"04000US48","Texas",,,"Texas","48","676680588914","18979352230",,,,,,,,0.4765,14214242,13461358,752884,63826,27,187200,29.100000381469727,1082,28635442
"ACSSF","ut","040","00","0000001",,,,,"49",,,,,,,,,,,,,,,,,,,,,,,,,,,,,,,,,"04000US49","Utah",,,"Utah","49","213355058738","6529987297",,,,,,,,0.4245,1595452,1537623,57829,74197,22,305400,27.799999237060547,1090,3151239
"ACSSF","vt","040","00","0000001",,,,,"50",,,,,,,,,,,,,,,,,,,,,,,,,,,,,,,,,"04000US50","Vermont",,,"Vermont","50","23873081385","1030243281",,,,,,,,0.4485,341487,328642,12845,63477,23,230900,29.799999237060547,999,624340
"ACSSF","va","040","00","0000001",,,,,"51",,,,,,,,,,,,,,,,,,,,,,,,,,,,,,,,,"04000US51","Virginia",,,"Virginia","51","102258180558","8528070310",,,,,,,,0.4735,4382484,4179739,202745,76398,29,282800,28.799999237060547,1257,8509358
"ACSSF","wa","040","00","0000001",,,,,"53",,,,,,,,,,,,,,,,,,,,,,,,,,,,,,,,,"04000US53","Washington",,,"Washington","53","172117960159","12549742084",,,,,,,,0.4574,3848596,3660034,188562,77006,28,366800,29.100000381469727,1337,7512465
"ACSSF","wv","040","00","0000001",,,,,"54",,,,,,,,,,,,,,,,,,,,,,,,,,,,,,,,,"04000US54","West Virginia",,,"West Virginia","54","62266296765","489206049",,,,,,,,0.4661,796303,744272,52031,48037,26,123200,28.899999618530273,732,1807426
"ACSSF","wi","040","00","0000001",,,,,"55",,,,,,,,,,,,,,,,,,,,,,,,,,,,,,,,,"04000US55","Wisconsin",,,"Wisconsin","55","140292246684","29343721650",,,,,,,,0.4448,3093131,2983277,109854,63293,22,189200,27,872,5806975
"ACSSF","wy","040","00","0000001",,,,,"56",,,,,,,,,,,,,,,,,,,,,,,,,,,,,,,,,"04000US56","Wyoming",,,"Wyoming","56","251458712277","1867503715",,,,,,,,0.4393,300597,287375,13222,65304,18,228000,26.299999237060547,853,581348
"ACSSF","pr","040","00","0000001",,,,,"72",,,,,,,,,,,,,,,,,,,,,,,,,,,,,,,,,"04000US72","Puerto Rico",,,"Puerto Rico","72","8868948653","4922329963",,,,,,,,0.5448,1208551,1026380,182171,21058,29,111200,31.799999237060547,486,3255642
